"userID","r1","r2","r3","r4","r5","r6","r7","r8","r9","r10"
2,665,470,108,469,47,468,521,474,411,50
3,663,303,167,108,47,193,339,505,123,364
4,108,492,300,279,473,17,411,450,101,470
5,21,300,315,463,488,312,279,502,457,201
6,132,13,154,134,49,425,37,140,129,128
7,338,51,229,242,233,421,270,272,127,254
8,338,169,141,134,49,13,420,139,161,23
9,129,539,509,455,37,102,246,128,263,169
10,488,333,502,279,634,71,21,88,632,593
11,169,155,254,338,166,139,131,117,152,272
12,455,1,37,59,181,131,132,327,71,289
13,615,131,145,338,458,129,117,418,133,134
14,561,357,450,99,179,408,362,765,358,633
15,349,402,53,211,196,505,92,85,84,32
16,135,149,132,140,288,233,173,142,23,129
17,142,131,278,157,13,155,376,244,173,377
18,100,602,311,427,408,450,50,61,633,443
20,303,47,196,506,597,21,677,20,60,313
21,134,51,714,172,620,422,131,169,117,340
22,427,71,641,461,78,184,658,428,429,256
23,524,59,17,47,216,579,519,105,311,453
24,338,174,121,40,134,233,173,272,270,165
25,169,172,139,141,272,270,117,140,138,131
26,354,599,359,580,53,573,396,342,571,577
27,505,202,651,284,135,37,13,140,128,134
28,99,50,411,49,300,68,665,206,23,496
29,138,239,135,173,160,117,139,131,338,145
30,134,117,13,328,331,145,233,231,338,132
31,473,46,58,585,68,300,71,474,206,29
32,100,107,17,101,488,86,201,53,593,208
33,105,599,303,47,71,53,429,260,98,264
34,201,50,85,81,107,211,71,206,100,108
35,599,364,99,180,69,442,47,45,598,749
36,191,658,485,484,194,244,71,282,562,160
37,303,450,84,524,32,50,216,71,522,47
38,23,593,418,87,93,173,102,129,132,49
39,577,579,3,575,553,53,427,428,78,576
40,497,245,788,104,28,59,46,343,6,2
41,61,431,359,450,343,639,442,395,354,93
42,85,102,105,457,201,625,99,254,244,140
43,100,208,279,589,28,201,345,511,512,457
44,563,653,300,104,307,357,401,47,450,580
45,117,275,172,277,155,270,13,134,139,141
46,275,155,23,13,117,154,270,138,373,277
47,326,23,615,150,135,162,662,275,145,174
48,132,145,233,51,48,165,418,149,164,173
49,140,117,169,23,132,133,141,233,13,156
50,47,211,79,81,557,98,716,402,214,92
51,574,61,396,359,93,578,105,429,430,362
52,545,369,534,540,380,184,194,391,388,384
53,172,326,161,117,135,231,164,131,156,165
54,134,145,161,142,150,130,37,140,117,152
55,101,664,663,85,92,300,292,201,693,50
56,99,53,205,311,101,105,71,98,502,279
57,102,87,71,326,275,145,23,487,327,142
58,139,152,174,149,13,275,326,254,134,117
59,247,105,400,101,37,484,78,216,32,36
60,586,92,97,52,628,11,318,47,321,364
61,206,589,488,505,32,201,85,680,517,82
62,470,263,53,17,101,37,497,492,6,50
63,463,359,580,307,396,354,653,357,576,579
64,99,25,13,599,300,509,14,623,303,23
65,244,256,461,369,251,455,533,283,282,258
66,23,31,50,665,411,263,74,691,206,464
68,138,270,149,229,272,169,49,167,421,148
69,196,81,59,50,300,92,99,364,11,36
70,216,88,201,463,21,279,211,634,98,93
71,438,437,433,395,78,579,446,445,442,576
72,128,161,418,141,172,229,155,224,288,173
73,42,473,34,50,467,17,474,23,665,472
74,128,13,117,135,145,132,131,173,338,129
75,235,331,328,173,134,152,117,229,244,226
76,169,233,128,706,135,182,51,23,145,132
77,98,21,97,488,202,637,59,47,511,205
78,313,99,108,36,264,505,496,218,78,364
79,270,152,172,169,140,338,173,145,138,13
80,547,78,380,538,545,507,194,385,534,261
81,650,274,21,166,101,239,693,167,123,664
82,339,76,753,735,321,99,315,21,79,196
83,599,364,312,355,59,343,528,99,304,318
84,443,759,444,639,446,430,346,580,653,105
85,211,343,509,93,518,78,184,524,404,105
86,484,387,247,78,563,534,643,194,380,258
87,139,154,270,13,174,145,133,131,169,37
88,206,75,735,195,628,99,753,315,310,652
89,132,255,172,102,233,194,286,101,138,241
90,295,21,599,601,408,300,351,53,342,28
91,47,408,79,99,81,410,505,406,108,500
92,134,132,139,338,51,13,117,173,327,270
94,312,53,71,14,84,345,211,97,85,11
95,377,422,134,277,418,40,174,155,133,161
96,560,139,132,165,142,117,140,49,13,272
97,59,99,589,56,604,279,100,202,216,488
98,152,331,187,165,275,645,149,254,131,117
99,457,97,502,11,17,505,349,20,85,93
100,300,216,85,97,64,17,84,201,211,502
101,543,8,71,380,246,483,536,102,244,282
102,300,81,599,206,450,47,362,53,312,352
103,101,32,593,366,811,263,196,59,505,17
104,283,241,87,387,487,286,169,255,140,236
105,218,505,604,597,804,45,496,99,366,196
106,14,313,196,592,488,47,59,208,85,108
107,563,639,359,599,575,638,53,442,61,577
108,429,445,427,509,396,428,258,383,768,446
109,357,402,360,428,759,342,561,575,343,53
110,233,142,270,275,130,138,172,145,338,229
111,101,79,502,593,366,93,81,100,99,201
113,435,443,396,354,430,580,575,342,444,599
114,561,427,343,602,105,354,463,263,513,359
115,358,362,602,99,342,653,90,559,294,361
116,145,122,111,292,78,314,166,113,704,21
117,410,411,450,496,216,300,263,31,464,34
118,78,244,509,71,251,534,380,545,256,87
119,446,579,4,398,53,430,449,438,343,575
120,173,233,13,235,23,139,326,51,187,149
121,233,139,331,23,49,173,13,172,231,164
122,216,602,93,263,53,579,342,408,360,450
123,196,457,208,47,641,540,79,11,85,26
124,263,108,585,239,450,37,93,470,145,99
125,362,443,71,128,105,49,408,343,347,53
126,272,145,131,173,165,134,160,139,142,156
127,343,184,61,579,78,427,354,575,342,463
128,59,68,47,521,21,300,23,263,467,691
129,338,231,51,326,131,149,145,155,275,141
130,145,156,149,141,233,621,254,422,136,131
131,202,735,215,363,604,321,99,555,14,364
132,615,377,270,132,138,478,226,23,164,475
133,174,155,478,156,154,138,139,152,133,331
134,131,145,254,152,174,135,272,140,229,328
135,133,155,338,139,169,142,145,149,275,141
136,136,645,127,140,174,49,150,229,420,422
137,326,142,85,333,135,37,128,291,127,173
139,463,669,255,509,246,78,253,87,102,286
140,101,589,315,202,735,100,206,99,88,59
141,342,58,216,23,68,408,633,279,49,561
142,74,469,58,472,467,473,464,68,470,16
143,21,90,563,360,362,93,71,342,427,37
144,242,165,131,235,130,149,155,138,270,167
145,162,23,422,149,129,145,135,229,138,155
146,127,231,13,328,49,149,51,139,174,326
147,184,229,140,224,172,127,421,150,138,37
148,364,300,1,32,557,505,47,99,78,524
149,87,169,128,233,562,434,231,192,255,286
150,127,284,233,133,13,23,229,270,149,132
151,145,418,135,140,326,153,37,129,173,117
152,128,331,13,157,117,23,231,142,328,326
153,517,28,98,21,263,85,79,59,429,196
154,428,484,102,184,192,254,534,53,387,253
155,105,266,406,59,349,666,9,17,399,28
156,205,581,97,101,502,81,100,102,333,345
157,396,99,362,105,602,395,359,639,449,572
158,422,288,129,128,229,135,23,338,140,169
159,174,127,233,13,135,40,150,131,37,49
161,1,671,71,246,396,267,78,185,527,343
162,132,145,139,173,13,128,140,138,117,324
163,331,37,171,326,117,128,352,140,131,233
164,807,53,260,211,408,104,463,400,196,254
166,263,47,53,102,21,300,95,81,85,201
168,79,103,99,530,209,718,76,210,753,511
170,599,575,576,563,446,354,342,104,78,359
171,557,92,202,37,511,99,457,201,488,502
172,502,291,333,592,21,279,202,36,488,101
173,633,90,93,502,488,105,92,345,86,279
174,64,100,71,179,311,502,488,50,99,94
175,128,328,13,169,132,140,131,37,173,134
176,279,32,593,21,202,79,529,71,300,36
177,524,727,343,428,105,606,98,580,575,362
178,576,428,53,354,429,343,260,524,99,579
179,275,226,135,142,324,338,161,13,458,331
180,264,524,216,78,194,193,93,71,300,28
181,450,599,563,216,102,28,194,21,93,50
182,132,233,117,37,131,328,326,142,338,140
183,9,349,408,470,496,32,71,300,469,68
184,403,605,100,589,590,85,502,16,105,101
185,43,467,24,23,34,665,31,474,29,206
186,155,23,326,226,239,161,331,244,173,487
187,18,474,473,206,665,31,24,521,23,42
188,428,576,599,395,53,354,580,579,61,342
189,47,283,246,93,194,509,400,658,8,253
190,173,117,233,37,169,140,13,145,121,135
191,6,263,99,492,59,216,21,47,105,470
192,604,364,104,801,365,719,93,321,47,196
193,495,496,85,50,492,300,68,17,101,47
194,84,64,20,21,85,28,71,366,364,593
195,211,206,81,300,633,79,352,653,21,502
196,81,94,14,97,488,92,216,53,79,214
198,343,256,392,184,546,461,194,381,246,527
200,579,428,360,343,576,408,580,90,362,633
201,129,26,505,184,21,132,53,135,142,59
202,580,639,576,354,78,579,450,575,599,61
203,78,87,369,391,184,254,251,283,484,102
204,286,655,553,783,47,92,102,380,633,782
205,194,169,384,99,251,184,534,539,380,658
206,100,71,14,53,593,97,637,201,21,502
207,13,132,128,145,138,139,140,117,326,129
208,580,442,398,428,441,599,446,563,564,78
209,133,172,152,141,138,136,645,160,233,144
210,6,473,263,140,450,244,17,412,135,338
211,68,350,50,206,64,105,26,201,97,94
212,395,575,78,354,428,450,445,446,430,396
213,311,387,524,509,595,246,386,47,258,265
214,155,272,152,326,117,131,169,475,231,139
215,579,599,53,99,354,345,427,428,105,211
216,366,23,263,47,495,36,21,505,101,201
217,578,575,580,354,428,577,53,563,395,446
218,47,362,90,563,579,50,345,105,360,450
219,87,231,102,157,129,233,328,37,185,191
220,502,205,279,71,404,300,101,59,488,50
223,37,133,155,23,327,149,662,145,184,233
224,41,665,411,409,31,24,34,410,666,263
225,396,3,427,576,387,545,386,565,378,575
226,139,231,174,324,340,13,275,152,164,133
227,149,130,152,331,426,161,155,254,164,51
228,215,315,362,402,99,599,47,294,300,206
229,169,133,156,127,140,142,23,132,233,272
230,149,174,165,275,326,272,130,161,156,270
231,142,169,239,165,134,149,152,270,13,231
232,224,142,49,338,270,425,164,131,233,161
233,169,156,231,135,155,161,139,172,173,149
234,663,101,274,303,239,650,457,592,108,664
235,78,577,431,599,576,260,3,639,395,342
236,13,142,164,173,226,233,138,166,131,145
237,79,315,502,50,345,21,402,101,98,214
238,484,247,355,59,28,343,813,184,253,267
240,161,139,173,184,377,131,165,117,340,51
241,427,67,579,580,295,53,362,575,354,400
242,187,270,164,161,136,13,162,272,133,229
243,101,145,560,140,326,229,129,142,413,338
244,99,326,102,101,13,131,23,272,169,233
247,253,181,102,185,184,311,241,581,248,760
248,13,142,326,164,117,155,139,172,270,130
249,71,233,658,286,59,246,37,533,102,562
250,408,427,295,362,99,428,575,579,45,347
251,105,593,47,488,205,99,279,53,101,79
252,338,131,476,620,270,145,152,231,173,139
253,49,165,231,117,331,161,272,233,172,229
254,87,102,105,254,656,658,239,93,721,553
255,364,524,28,196,770,518,363,47,193,506
256,134,138,133,121,161,49,139,229,270,155
257,71,473,266,245,50,68,497,569,29,742
258,277,326,155,23,226,131,620,478,172,422
259,28,196,99,100,457,97,21,85,184,216
260,128,145,338,169,140,13,129,141,149,173
261,254,390,369,380,231,484,391,538,535,246
262,69,99,108,47,45,53,21,59,453,509
263,472,31,17,29,43,665,50,623,41,474
264,34,469,472,665,50,46,263,468,18,467
265,524,534,431,380,184,595,461,384,311,71
266,72,37,47,488,493,53,28,93,99,100
267,375,338,169,376,117,135,139,270,620,157
268,575,105,433,53,450,428,61,427,396,441
269,244,279,64,47,216,23,50,37,457,49
270,100,108,184,28,85,201,101,402,59,99
271,272,138,49,187,141,326,149,331,165,254
273,246,484,658,233,87,258,244,283,534,102
274,59,509,29,37,50,259,9,135,470,78
275,206,216,71,496,450,412,18,691,23,41
277,201,92,59,104,680,488,21,208,85,211
278,277,156,173,128,142,161,174,135,418,275
279,507,282,194,641,670,254,367,384,387,283
280,138,129,13,142,418,21,128,145,272,169
281,99,513,759,599,576,362,346,395,53,450
282,463,606,572,61,725,428,320,633,90,402
283,59,47,303,748,505,451,28,21,364,11
284,362,343,211,98,104,311,105,484,93,45
285,102,101,579,396,580,362,595,563,99,599
286,150,168,133,233,152,418,164,13,161,421
288,563,345,450,488,100,201,402,85,380,47
289,463,59,169,350,282,487,488,185,138,87
290,28,467,49,473,206,468,665,41,263,500
291,275,376,270,37,155,375,620,617,338,135
292,295,580,360,653,427,311,105,342,400,300
293,286,387,241,169,140,87,237,343,483,487
294,99,105,580,400,61,311,579,343,633,23
295,105,725,433,553,354,563,449,408,571,61
296,357,111,408,653,342,239,579,607,599,99
297,215,279,85,92,634,511,201,488,71,593
298,599,300,315,71,47,21,205,502,279,201
299,128,593,326,205,59,279,132,333,100,71
300,658,450,579,99,53,427,443,463,105,576
301,338,185,172,287,273,327,99,117,131,145
302,229,23,231,152,172,173,117,270,275,135
303,428,427,362,360,563,47,653,450,211,93
304,68,266,279,17,93,105,300,263,216,495
305,117,254,154,616,235,277,23,619,131,173
306,493,206,474,469,74,496,701,47,300,505
307,10,64,50,303,364,196,21,742,108,28
308,105,575,258,362,61,433,184,759,395,450
310,338,231,326,173,172,482,131,135,421,23
311,47,263,345,59,279,196,201,100,202,99
312,49,128,129,140,132,145,335,233,142,23
313,343,438,342,450,599,444,354,576,359,449
314,326,231,161,135,335,131,327,132,145,71
315,505,593,97,457,98,128,202,92,488,28
316,102,239,105,396,104,264,1,71,370,518
317,61,428,359,602,406,357,354,395,443,311
318,149,128,134,169,270,229,49,172,132,165
319,394,102,764,539,402,463,758,595,194,113
320,47,2,28,59,99,196,32,53,104,85
321,359,577,444,396,61,580,433,78,343,346
322,134,173,131,326,13,142,169,290,139,51
324,99,431,639,105,442,577,93,433,441,438
325,343,32,180,268,78,640,67,47,71,59
326,233,141,149,270,130,133,13,138,140,129
327,231,326,338,117,164,149,145,478,173,142
328,680,202,92,100,59,581,93,208,47,502
329,49,418,150,139,270,117,134,145,458,169
330,373,142,277,13,132,138,275,128,131,164
331,169,331,128,278,23,231,172,135,13,229
332,37,23,138,418,128,165,145,135,133,139
333,149,284,254,174,272,37,49,152,127,229
334,279,21,457,59,100,599,101,202,214,593
335,275,131,141,172,134,254,138,145,233,142
336,509,1,247,254,93,28,47,104,185,101
337,428,580,354,396,53,343,441,563,578,564
338,132,145,450,28,31,50,13,135,68,233
339,475,159,231,272,149,49,152,422,136,172
340,161,49,174,155,133,185,152,138,173,134
341,37,196,364,366,505,719,218,453,395,3
342,457,201,504,21,273,279,593,505,100,101
343,61,395,639,362,449,78,400,295,450,441
344,216,32,21,698,59,50,300,206,104,17
345,505,21,208,99,36,333,279,79,502,37
346,254,128,457,205,291,93,99,153,14,21
347,37,253,658,185,258,534,78,380,391,87
348,132,117,139,131,326,140,155,331,161,149
349,47,71,79,97,85,504,21,208,101,138
350,275,152,134,375,142,270,155,139,272,172
351,229,239,129,338,331,128,233,37,145,275
352,377,174,117,173,13,131,615,139,161,150
353,131,326,475,23,156,239,174,141,139,172
354,13,51,270,174,142,134,254,145,172,131
355,331,174,169,239,145,338,142,167,165,284
356,507,391,59,387,236,534,254,332,378,538
357,21,88,100,108,71,79,263,85,202,36
358,71,47,21,208,79,20,33,97,32,101
359,468,43,206,50,23,473,742,74,263,34
360,757,21,47,263,23,71,254,53,28,785
361,152,233,165,224,150,141,136,145,232,645
362,138,279,87,59,172,185,184,488,140,169
363,534,595,427,256,387,283,563,184,484,286
364,505,210,318,300,362,408,79,77,406,599
365,650,99,604,195,47,11,196,219,719,757
366,104,345,408,300,216,77,211,97,279,315
367,184,539,244,658,191,241,283,369,100,102
368,304,21,108,300,604,32,59,216,206,47
369,99,345,196,205,589,100,95,21,279,318
370,583,99,23,128,101,92,71,64,138,502
371,474,585,68,9,568,470,71,6,21,492
372,282,343,244,533,253,283,185,238,484,527
374,49,18,470,43,469,468,68,17,473,467
375,169,138,231,149,328,173,270,49,233,117
376,428,99,342,639,563,362,580,354,446,396
377,53,343,579,577,433,396,78,446,342,354
378,427,360,408,90,263,343,347,354,428,341
380,145,130,275,13,338,164,140,138,142,172
382,292,239,166,124,650,314,21,330,92,663
383,99,263,488,201,37,138,100,93,128,202
385,23,152,338,133,239,275,487,164,135,482
386,427,279,49,563,342,105,99,263,71,87
387,134,168,129,37,425,140,117,13,338,145
388,1,37,244,78,239,343,427,484,169,571
390,161,174,173,49,149,275,51,130,172,165
391,286,71,241,283,87,658,540,484,102,194
392,338,138,165,229,135,140,272,233,139,134
393,300,47,563,408,53,90,463,342,345,279
394,358,579,342,427,359,354,307,563,99,295
395,105,575,343,506,3,441,430,658,342,579
396,11,47,59,99,50,495,21,37,101,492
397,468,467,750,492,23,496,300,50,411,742
398,502,196,101,105,50,201,100,59,21,92
399,161,173,187,254,231,23,275,133,422,156
400,172,134,254,152,373,327,165,173,117,138
401,185,380,87,241,658,485,169,562,99,244
402,441,93,307,564,561,61,444,400,725,357
403,422,338,373,135,145,155,152,169,142,326
404,185,387,244,254,101,562,534,93,191,71
405,338,134,133,131,142,422,141,145,235,156
406,427,579,47,343,307,524,653,90,580,211
407,493,47,591,366,14,88,303,216,28,16
408,47,402,202,71,98,205,208,97,593,101
409,117,164,338,13,254,229,418,140,145,128
410,283,37,229,387,102,539,562,194,241,160
411,664,128,135,163,165,21,704,101,613,145
412,229,254,142,169,13,233,129,117,161,131
413,127,156,134,239,169,117,37,254,129,139
414,377,165,37,272,172,174,275,476,141,149
415,139,164,277,133,149,422,161,239,135,172
416,321,196,804,218,11,50,264,604,555,47
417,154,172,270,326,233,275,272,161,130,152
418,589,79,85,97,206,71,201,488,95,59
419,13,134,242,272,174,131,23,338,165,142
420,338,140,135,37,139,129,145,128,49,131
421,134,127,224,172,284,270,164,155,615,154
423,50,665,53,411,41,691,474,300,473,469
424,484,579,599,428,431,639,430,342,576,105
425,373,174,475,138,133,149,326,272,130,478
426,16,36,223,628,505,365,512,21,103,104
427,99,550,254,101,641,369,284,71,87,244
428,42,300,472,206,742,16,301,18,496,74
430,472,450,470,23,301,474,469,34,18,698
431,581,286,78,595,633,326,348,87,634,690
432,87,102,71,369,185,534,246,239,251,670
433,671,184,269,445,396,461,565,267,427,343
434,90,99,85,28,404,312,47,279,349,79
435,78,87,391,390,283,477,386,244,254,332
436,47,450,563,71,101,105,53,17,345,300
437,131,141,139,145,13,155,338,132,173,135
438,99,552,567,6,8,46,568,750,494,300
439,314,704,111,184,618,21,141,113,166,292
440,318,77,753,47,300,202,321,76,89,209
441,53,502,11,85,99,201,582,71,47,79
442,43,42,665,34,474,17,468,467,23,50
443,400,47,602,563,524,598,579,342,295,362
444,768,579,267,364,446,555,427,3,395,565
446,450,21,497,206,31,469,412,49,411,74
447,321,523,28,364,104,604,522,16,32,36
449,395,576,428,443,357,307,575,311,725,563
450,513,211,428,606,307,653,343,575,354,357
451,142,155,277,117,13,617,49,174,244,23
452,17,496,50,74,41,31,18,467,742,42
453,100,64,300,402,488,350,81,85,492,93
454,104,28,9,32,16,468,47,216,300,50
455,366,78,593,524,88,505,567,36,343,50
456,129,145,229,161,326,172,140,338,377,23
457,563,580,185,78,579,53,342,343,445,395
458,142,37,59,184,145,129,509,102,138,418
459,53,450,359,433,484,430,362,446,395,105
460,604,103,216,21,104,406,107,593,99,71
461,408,300,443,279,68,47,59,450,102,362
462,77,279,215,399,79,53,312,318,406,210
463,129,128,509,37,71,184,512,268,458,447
464,59,71,79,86,202,488,98,214,205,345
465,196,632,97,463,557,59,108,84,488,64
466,131,13,161,338,152,172,139,254,155,418
468,563,53,188,450,28,99,23,342,727,263
469,580,434,653,575,61,428,450,105,78,599
470,152,154,277,254,326,328,173,615,150,51
471,653,563,81,559,105,201,602,342,427,294
472,165,134,616,132,142,231,326,117,131,478
473,233,165,13,131,145,149,139,142,338,117
474,101,128,140,244,21,51,338,13,78,37
475,98,208,92,402,206,79,216,345,47,202
476,488,92,581,202,138,205,79,98,93,589
477,150,425,422,224,326,131,421,141,133,155
478,595,484,99,37,402,380,78,105,427,186
479,149,270,164,154,138,254,422,418,130,272
480,24,206,34,31,500,263,18,16,521,691
481,101,233,229,276,331,338,142,418,131,128
482,13,87,129,21,488,338,138,169,502,132
484,104,50,355,47,216,49,68,184,563,502
485,78,53,295,408,404,427,216,99,104,463
486,150,161,165,478,152,138,326,155,645,272
487,132,128,338,422,139,173,376,131,129,331
488,90,360,92,279,100,21,205,59,105,53
489,102,561,211,402,357,559,563,93,427,579
490,145,71,102,326,99,287,21,140,202,562
491,354,444,725,61,449,99,565,563,638,578
492,300,342,47,599,263,216,351,28,522,49
493,46,497,473,101,470,492,68,496,587,47
494,270,128,135,233,173,117,159,140,134,142
495,138,133,229,272,37,130,145,233,224,174
496,101,300,245,216,343,221,61,93,99,104
497,226,155,426,272,229,328,139,270,133,172
498,775,233,270,229,174,133,155,163,284,169
499,395,579,563,311,354,99,93,402,71,427
500,505,397,99,196,264,60,104,218,47,768
501,138,172,133,615,149,162,127,156,145,422
502,270,155,272,172,169,229,239,149,338,150
503,172,156,131,270,164,149,133,233,254,127
504,23,155,135,229,338,139,275,132,142,231
506,509,88,517,100,457,529,28,502,37,21
507,101,315,97,59,632,47,345,71,488,100
509,78,8,101,102,527,539,191,484,256,283
510,131,23,272,173,149,129,169,49,140,117
511,557,104,502,58,59,71,300,264,726,99
512,428,256,509,669,253,244,239,246,391,386
513,457,79,205,202,345,599,99,333,201,71
514,134,117,254,621,149,135,275,272,129,13
515,37,502,208,333,101,300,457,21,632,206
516,23,231,131,102,244,128,142,254,101,129
517,195,403,215,366,84,504,92,315,209,318
518,142,49,231,328,161,340,174,139,324,131
519,438,441,580,579,395,576,563,343,449,61
520,496,411,17,59,473,263,470,21,9,493
521,767,806,246,658,101,487,100,286,185,71
523,599,342,90,502,79,295,300,406,101,21
525,483,184,244,194,767,169,550,185,539,8
526,380,534,575,53,431,362,576,428,580,61
527,173,131,338,138,326,376,271,278,475,169
529,599,99,45,428,563,606,362,395,580,429
530,85,108,21,94,200,593,47,497,71,457
531,615,157,475,49,418,277,173,152,149,155
532,256,283,160,87,169,477,191,241,536,487
533,169,132,129,37,135,128,338,173,149,13
534,149,478,131,229,169,168,117,152,163,187
535,229,139,131,140,233,161,134,169,173,133
536,173,160,185,156,145,233,131,133,229,135
537,275,131,328,174,239,139,226,331,135,173
538,161,226,167,130,51,275,615,173,231,163
539,502,497,412,450,68,6,59,49,279,473
540,410,263,408,34,474,349,74,18,42,467
541,633,725,600,300,427,360,211,402,105,450
542,254,172,37,170,23,140,68,13,132,128
543,206,497,279,350,108,366,457,208,14,99
544,195,71,208,321,202,14,100,79,59,99
545,149,286,132,140,581,142,21,233,101,255
546,4,577,580,639,429,354,599,342,396,343
547,563,524,463,105,343,50,362,93,342,404
548,99,638,639,577,396,342,565,53,427,564
549,342,576,580,428,599,105,444,360,575,359
550,53,430,354,638,442,580,359,400,61,428
551,167,338,562,184,233,93,132,326,239,129
553,131,169,338,270,138,239,13,117,37,233
555,338,139,13,270,233,23,117,275,229,134
556,85,37,28,92,101,71,505,202,64,47
557,500,410,46,71,9,104,47,6,2,266
558,145,13,121,117,173,37,129,140,139,128
559,105,633,408,653,85,602,561,563,90,345
560,464,47,216,691,263,349,300,23,410,472
561,338,129,128,134,168,135,117,139,37,141
562,229,23,621,134,173,138,131,140,135,37
563,53,299,352,599,300,601,90,408,294,450
565,74,9,500,29,521,99,263,41,473,470
566,279,85,211,53,98,93,9,104,470,216
567,319,504,81,680,96,101,85,100,502,511
568,206,698,468,469,47,457,101,48,473,99
569,272,134,131,133,139,172,155,149,169,161
570,129,37,173,140,229,613,338,51,142,478
571,152,224,161,127,131,117,49,270,51,141
572,134,422,131,169,173,133,275,277,152,127
573,37,338,274,117,235,233,664,128,123,140
574,140,658,283,21,71,185,562,47,539,194
575,21,139,326,279,233,165,140,421,169,117
576,206,221,99,1,92,13,104,59,47,28
577,11,587,470,6,263,492,473,339,23,450
578,617,128,129,326,155,37,327,241,184,169
579,599,575,427,638,428,576,180,442,564,3
580,194,254,279,343,581,93,539,330,71,184
581,142,138,229,130,338,131,418,133,127,233
582,388,78,256,507,545,250,391,258,540,380
583,546,246,540,256,343,253,184,391,282,658
584,270,169,326,135,142,129,149,132,23,37
585,205,201,105,502,637,37,202,47,457,279
586,565,396,395,575,580,442,576,4,428,343
587,381,93,658,429,484,524,343,392,398,256
589,173,277,157,326,275,328,145,23,142,131
590,139,331,174,161,23,132,13,328,165,131
592,135,145,149,174,184,338,129,233,169,99
593,620,231,160,326,161,139,289,617,475,132
594,450,256,194,463,354,427,359,102,580,362
595,359,578,563,78,258,440,442,450,61,573
596,74,464,665,402,58,23,698,472,16,43
598,135,23,231,174,117,142,161,131,145,275
601,279,14,52,47,64,53,26,450,505,343
602,92,542,384,98,719,343,427,104,524,99
603,263,47,201,28,279,184,99,53,88,85
604,127,165,156,458,224,134,270,152,233,164
605,404,71,211,90,502,100,36,102,201,98
606,79,100,216,99,303,84,85,554,50,628
607,638,431,719,579,566,427,4,69,565,442
608,450,599,300,406,90,263,53,295,522,362
609,173,142,117,275,174,418,278,338,21,272
611,366,101,333,505,497,37,20,17,14,47
612,132,169,243,233,142,293,47,135,149,418
613,357,71,53,99,263,21,47,311,93,295
614,380,71,484,533,669,534,244,562,241,463
616,580,342,563,430,575,431,579,564,433,599
617,163,133,233,338,149,145,49,131,140,127
618,343,509,99,300,78,53,93,604,364,47
619,50,557,457,79,214,634,418,488,97,59
620,134,331,161,13,475,270,275,139,173,231
621,136,422,139,233,133,149,338,155,145,174
622,310,279,316,98,345,105,753,628,406,216
623,463,180,427,429,279,216,599,607,343,196
624,100,71,473,345,59,37,68,99,216,93
625,36,99,512,92,505,202,318,206,11,209
627,61,342,428,602,430,395,78,575,579,396
628,502,263,202,206,99,37,589,100,593,14
629,345,633,79,634,71,279,295,360,601,101
631,138,254,457,633,593,315,59,98,202,93
632,141,621,165,152,645,164,130,231,275,156
633,99,563,539,256,194,387,71,47,484,101
634,102,233,23,133,328,185,326,138,129,132
635,105,47,279,211,599,579,79,300,295,653
636,233,155,127,185,425,140,172,142,145,270
637,307,53,90,408,359,395,444,599,360,343
638,133,40,168,174,187,49,149,162,156,164
639,591,303,590,506,593,26,108,457,36,505
640,354,402,360,427,744,307,443,105,563,798
641,244,21,283,185,286,194,254,332,37,246
642,47,361,602,299,179,300,408,99,357,450
643,23,85,50,17,28,99,497,47,81,101
644,108,105,85,279,100,50,97,488,59,502
645,117,142,25,131,128,132,135,23,49,13
646,277,478,231,134,375,152,340,174,131,617
647,59,501,209,36,21,17,107,85,79,279
649,441,576,579,433,342,389,395,658,639,431
650,246,140,64,194,47,59,102,21,539,658
651,145,169,139,173,138,140,132,153,425,270
652,93,461,98,396,59,105,311,527,71,506
654,427,749,778,105,99,345,184,47,429,279
655,242,233,129,23,37,132,142,117,141,145
656,468,470,206,450,467,474,17,42,473,50
657,593,279,267,632,201,21,101,37,562,300
658,496,263,42,467,23,71,300,473,468,50
659,140,145,134,169,141,156,135,155,37,165
660,170,18,74,472,468,467,469,49,9,470
661,37,215,53,450,50,206,47,598,512,300
662,231,327,185,284,128,184,229,132,233,71
663,706,571,23,37,355,516,342,49,184,427
664,364,92,319,97,88,89,511,312,21,99
665,68,48,9,100,104,581,32,350,37,85
666,47,399,408,221,300,9,59,495,206,666
667,326,239,139,331,134,51,165,13,275,150
668,105,450,78,396,455,184,463,580,99,576
669,23,135,327,131,331,231,132,139,145,326
670,201,589,97,279,71,81,37,208,202,366
671,161,132,51,135,142,145,131,233,229,129
672,369,256,481,545,283,391,254,253,184,244
673,427,267,101,279,583,282,53,102,93,341
674,131,139,418,326,169,152,173,23,338,138
675,272,229,161,138,155,338,422,331,275,131
676,99,577,53,580,607,402,444,396,563,408
677,396,441,258,579,343,342,428,450,53,580
678,36,362,408,53,61,444,90,101,561,100
679,167,331,133,142,165,338,152,138,172,169
680,135,117,254,326,23,174,138,139,662,173
681,99,21,434,37,28,279,93,562,254,102
682,117,157,338,173,275,377,617,239,142,51
683,691,473,43,263,470,23,742,496,74,411
684,138,37,277,226,187,165,49,133,149,326
685,519,362,484,576,563,400,450,53,211,408
686,47,496,742,74,17,23,53,467,492,6
687,563,105,28,99,263,17,666,216,206,74
688,231,131,49,291,129,138,140,593,47,145
689,377,478,173,142,152,117,275,131,231,331
690,133,326,621,161,49,152,155,270,150,136
691,23,161,134,139,155,229,149,131,145,418
692,362,450,470,53,9,360,599,342,295,28
693,85,79,47,99,584,21,318,71,50,315
694,473,74,467,68,468,495,472,216,46,469
695,59,628,99,583,263,50,93,108,81,71
696,263,343,428,294,579,402,53,300,320,653
697,36,47,804,32,33,505,85,303,28,16
698,127,338,114,150,139,140,327,173,142,13
699,17,473,450,563,34,691,24,665,29,474
700,23,156,242,326,139,49,13,187,275,338
701,121,239,156,49,142,139,23,338,173,13
702,645,232,235,229,13,425,134,270,140,338
703,277,161,270,254,172,331,338,231,131,152
704,164,173,135,128,132,117,235,174,229,338
705,172,145,233,229,13,155,128,134,136,338
706,524,579,342,427,354,279,446,99,264,93
707,131,128,275,130,129,117,132,338,37,233
708,211,428,599,99,354,400,343,576,575,342
709,443,444,762,105,759,343,99,433,576,362
710,93,349,399,11,9,263,21,99,79,410
711,396,400,450,575,362,433,359,105,346,580
712,206,101,21,100,99,71,502,205,208,85
713,425,138,154,147,164,239,167,130,49,131
714,473,408,698,470,691,640,59,300,17,464
715,572,599,438,342,639,428,576,105,446,61
716,231,562,534,102,538,503,253,658,246,282
717,254,185,134,328,162,51,662,174,165,326
718,79,99,32,202,502,208,216,591,196,21
719,450,441,395,396,105,563,576,599,359,61
720,307,93,402,561,359,580,354,395,653,428
721,81,502,76,210,47,215,99,79,97,85
722,418,275,138,327,422,51,615,134,150,156
723,226,145,161,165,51,331,272,152,254,275
725,523,470,263,343,505,99,71,108,50,599
726,23,13,141,132,326,145,338,129,139,37
727,782,764,105,553,123,99,85,53,239,599
728,216,350,21,99,100,71,279,47,9,108
729,300,97,216,497,263,470,99,71,32,47
730,145,272,173,49,155,326,338,475,161,138
731,579,78,260,396,383,524,99,442,47,599
732,49,172,161,326,149,239,145,139,138,229
733,140,131,172,229,129,331,128,275,241,226
734,88,97,202,216,85,604,502,201,21,206
735,400,78,444,61,53,448,443,105,362,359
736,166,338,140,129,23,145,132,274,163,37
737,342,400,401,216,402,79,408,85,71,101
738,563,450,398,105,580,572,633,431,354,359
739,145,173,138,23,129,13,338,254,139,128
741,767,185,283,332,59,102,251,463,100,194
742,128,21,135,40,13,71,339,138,14,16
743,173,169,132,128,145,184,233,185,142,326
744,326,172,229,87,13,142,138,135,340,169
746,387,256,87,455,283,244,185,78,269,527
747,87,390,194,283,477,534,386,562,545,254
749,165,331,142,231,133,51,164,130,422,155
750,84,593,267,404,45,311,211,99,53,17
751,253,658,343,256,192,71,101,21,286,534
752,767,87,538,534,391,384,809,545,658,369
753,633,580,61,343,295,428,354,342,408,105
754,53,408,450,21,345,279,47,85,50,559
756,315,634,279,362,457,98,59,212,105,488
757,139,23,272,172,13,169,226,619,152,149
758,185,85,87,37,169,129,184,502,100,539
759,201,279,100,418,333,593,557,291,97,457
760,343,85,244,21,427,71,90,599,311,53
761,216,472,206,99,467,698,742,49,666,470
762,46,23,9,473,104,47,206,470,184,300
763,78,102,255,658,169,87,283,669,534,194
764,345,294,300,599,47,362,90,408,53,311
765,21,103,364,81,695,753,206,95,77,302
767,450,750,497,492,263,244,37,23,47,254
768,231,140,132,142,128,422,139,131,135,155
769,488,21,216,17,23,50,47,497,100,101
770,231,233,117,326,169,13,239,174,21,131
771,132,693,145,184,618,128,135,101,37,102
772,395,446,359,448,396,105,99,563,430,599
773,427,563,342,406,400,295,300,216,579,279
776,47,463,254,101,369,539,427,78,380,484
777,50,206,474,68,17,473,99,666,9,495
778,174,327,145,165,422,135,149,232,272,156
779,99,599,563,470,71,9,101,19,600,361
780,140,13,28,21,560,129,71,9,293,505
781,152,149,614,167,478,229,615,270,254,51
782,496,32,28,108,264,313,597,20,604,506
784,81,195,404,652,505,312,605,97,315,76
785,78,101,21,295,408,450,279,81,53,71
786,59,85,488,100,502,101,21,184,28,37
787,169,641,503,534,102,246,562,539,283,194
788,576,53,427,362,450,580,579,28,408,263
789,173,168,140,49,128,145,152,129,154,166
790,233,326,160,275,145,139,130,169,327,13
791,593,59,85,406,100,71,105,86,279,47
792,463,343,545,595,254,283,332,461,380,387
793,169,505,153,243,139,51,138,338,174,117
794,295,53,90,105,633,71,93,502,97,311
795,155,714,326,139,152,275,172,239,131,165
797,135,229,161,275,328,331,254,155,338,128
798,461,428,431,343,576,267,579,429,427,446
799,9,23,468,666,472,691,410,467,470,47
800,579,599,431,434,105,446,563,441,359,575
801,132,37,128,13,608,140,129,623,414,139
802,701,17,206,71,50,411,9,468,470,68
804,117,284,174,172,645,140,233,13,338,37
805,50,211,97,28,311,101,362,71,279,300
806,78,505,502,399,517,50,28,509,267,101
807,656,450,268,534,355,253,87,185,244,184
808,145,167,131,127,138,129,165,418,173,139
809,376,134,13,324,229,254,132,475,172,131
810,562,23,37,128,71,246,153,418,138,135
812,392,93,384,387,395,380,71,369,431,258
813,59,28,279,366,680,605,99,85,590,502
814,233,226,185,231,244,338,184,326,160,172
815,275,152,141,229,171,130,418,165,187,23
816,23,326,615,231,51,152,172,239,117,164
817,184,502,99,59,463,71,282,21,87,100
818,201,185,286,279,169,263,563,100,463,345
819,152,229,142,149,51,150,133,338,418,224
821,59,201,101,263,36,102,88,279,502,99
822,21,141,47,166,292,274,84,167,90,85
823,658,256,282,767,261,185,387,380,534,283
824,632,312,635,637,202,633,98,64,59,214
825,345,100,196,205,488,101,202,98,201,502
826,161,172,185,132,164,254,145,131,618,135
827,105,396,443,99,725,427,762,759,599,362
828,99,342,578,93,343,428,430,354,563,408
829,279,71,511,59,589,504,735,99,76,319
830,152,131,139,239,161,149,270,674,141,132
831,37,99,17,34,68,472,53,42,74,9
832,99,450,343,513,440,449,428,599,396,342
834,595,533,782,253,78,184,239,102,246,655
835,396,633,395,357,576,105,50,575,78,580
836,149,128,140,135,270,138,156,173,169,131
837,770,59,808,16,264,805,628,104,36,363
838,218,593,71,85,77,99,53,216,211,14
839,369,1,256,387,286,194,254,658,102,87
840,402,628,300,99,463,98,519,50,343,579
841,101,246,87,194,253,343,102,455,251,461
842,47,618,292,206,239,795,21,124,704,166
843,708,241,463,87,764,633,239,186,105,380
844,327,194,483,286,332,387,256,185,129,233
845,431,579,3,53,441,564,354,580,639,446
846,50,640,721,300,500,99,71,408,81,47
847,169,140,233,23,478,132,117,145,139,173
848,76,300,89,47,302,628,196,92,317,99
849,457,205,211,593,690,406,59,488,202,36
850,474,23,50,68,495,492,701,468,9,469
851,173,152,615,156,326,145,117,272,275,174
852,152,172,615,149,165,49,133,338,139,270
853,117,172,229,270,173,133,23,139,135,272
854,484,369,267,641,251,461,253,258,381,384
855,201,101,138,97,457,47,100,92,28,71
856,408,21,406,202,100,264,78,101,81,300
858,131,51,161,117,172,164,174,229,270,326
859,145,161,138,142,326,129,173,132,117,174
860,98,99,211,429,343,599,105,400,295,606
861,145,338,128,23,173,165,185,133,149,229
862,326,13,340,135,338,23,161,174,131,187
863,634,138,345,81,97,214,93,92,36,333
864,815,140,138,98,502,581,102,97,101,557
865,633,446,53,396,428,448,599,105,354,395
868,434,343,263,47,59,102,184,129,49,50
869,579,446,484,78,576,575,429,3,53,383
870,408,184,443,185,428,343,450,362,71,576
871,105,749,400,598,342,408,91,579,580,450
873,155,418,141,239,254,422,275,133,272,156
874,108,366,593,107,32,184,101,21,279,206
875,142,270,376,13,117,157,254,49,231,239
876,640,206,90,53,81,561,402,404,408,666
877,433,343,359,563,61,578,78,599,342,725
878,149,13,270,117,174,275,422,23,134,327
881,539,557,64,85,254,92,279,263,59,100
882,174,13,131,23,331,169,254,172,149,145
884,138,172,328,164,478,156,145,270,13,174
885,645,142,326,165,131,254,172,478,134,229
886,23,129,132,239,142,434,138,128,140,289
887,579,400,63,554,599,99,343,47,429,513
888,282,37,71,192,21,102,286,184,131,129
889,211,599,85,215,511,345,295,300,753,593
890,580,395,400,762,759,396,300,561,653,93
891,484,524,267,246,658,396,386,184,398,517
893,99,29,263,184,108,450,492,563,49,71
895,342,725,90,427,607,402,354,307,563,450
896,93,244,101,71,194,14,562,37,345,184
897,362,320,580,427,408,47,653,633,343,99
898,418,174,152,425,229,141,142,243,233,133
899,487,87,485,244,236,102,169,712,543,184
900,458,20,128,263,49,184,279,101,23,37
903,393,429,534,256,390,392,658,396,391,246
904,593,99,488,101,128,102,129,463,37,85
905,139,166,169,482,284,117,133,141,49,150
906,131,172,149,324,132,326,239,128,338,139
907,39,93,345,601,580,358,765,579,402,450
908,78,552,6,445,7,28,256,461,50,221
909,255,534,8,140,241,332,153,131,1,128
910,154,141,229,140,130,161,142,233,149,145
911,117,338,174,254,13,142,156,49,229,239
912,441,575,577,579,395,93,448,105,61,99
913,311,79,99,300,84,100,98,201,53,86
914,395,445,45,484,524,442,658,379,571,260
915,100,201,782,47,279,348,98,311,99,595
916,338,13,155,149,152,145,270,172,131,327
917,93,71,599,300,100,311,295,101,85,502
919,333,59,206,512,279,37,101,201,92,488
920,670,71,160,191,244,380,251,484,545,527
921,59,93,47,247,599,85,488,595,345,502
922,81,71,99,20,206,32,593,11,53,84
924,37,134,49,13,141,173,132,145,135,129
925,333,37,517,32,21,85,105,71,81,581
926,46,494,6,569,28,750,47,7,104,698
927,343,253,534,105,369,387,286,484,254,527
928,505,719,19,20,47,108,366,496,99,804
929,428,267,238,576,185,395,61,354,396,579
930,373,231,145,226,131,132,152,142,157,23
931,433,53,105,450,446,577,442,359,580,362
932,468,129,263,23,74,28,9,50,53,14
933,81,21,632,84,92,589,345,76,71,488
934,400,402,90,519,93,342,603,563,404,463
935,568,221,497,104,640,47,494,71,29,750
936,496,108,196,47,218,768,366,45,28,99
938,134,145,13,128,155,326,23,272,169,117
939,545,71,391,343,283,282,78,562,246,184
940,263,201,85,50,502,211,28,345,53,599
941,128,71,172,101,140,483,254,231,14,487
942,155,289,23,129,142,173,161,140,132,139
943,463,97,81,402,105,342,79,100,47,21
946,231,658,286,255,767,562,477,369,712,87
948,99,215,85,89,96,404,21,652,88,53
949,562,184,194,283,367,670,256,282,236,231
950,444,450,575,354,343,342,602,446,362,633
951,494,267,568,569,6,108,2,28,7,71
952,201,92,21,101,47,338,326,128,132,593
953,47,142,13,338,562,169,418,132,71,333
954,263,497,47,469,474,42,108,411,71,16
955,244,37,300,99,85,1,47,71,21,184
957,21,105,704,421,663,249,693,314,167,274
958,155,328,173,117,37,132,129,621,229,140
959,474,468,43,698,742,23,74,469,216,691
960,274,71,123,140,135,145,128,166,47,101
961,95,97,100,502,315,318,209,695,85,206
962,105,580,362,429,45,211,606,342,408,579
963,140,50,458,28,450,9,233,128,31,338
964,128,21,336,335,191,184,64,326,129,241
965,328,150,254,422,239,149,141,130,164,154
966,127,229,51,272,475,168,131,117,49,138
967,87,283,517,101,658,256,253,241,244,483
968,99,71,97,101,21,47,85,206,202,36
969,128,173,326,324,418,275,244,131,135,13
971,233,241,282,191,71,100,129,185,37,283
972,32,71,101,45,92,52,311,218,104,99
975,286,37,23,102,173,140,562,13,135,132
976,37,105,241,282,562,93,244,563,184,102
977,599,101,342,502,345,21,50,53,279,105
978,524,53,449,364,654,513,445,436,428,99
979,53,359,61,427,342,78,428,580,93,311
981,312,319,75,215,21,502,99,97,47,318
982,47,16,505,268,99,71,292,165,239,49
984,173,163,478,132,774,482,13,254,235,149
985,155,289,239,133,229,233,134,270,129,138
986,369,539,540,71,332,258,286,343,461,562
987,152,133,229,174,155,145,130,149,136,169
989,21,735,97,312,209,95,279,59,71,300
990,92,28,511,85,628,79,104,501,364,279
991,408,100,101,85,362,93,300,357,633,59
993,507,247,206,641,809,95,369,267,321,99
994,132,32,680,366,59,28,21,129,47,593
995,226,23,142,277,174,132,231,244,173,131
996,408,49,608,300,362,599,263,93,47,90
997,99,45,195,215,206,453,196,79,505,664
998,23,231,373,184,331,142,135,239,132,328
999,64,67,93,98,59,91,211,333,101,463
1001,128,229,172,117,13,145,254,173,134,233
1002,155,161,140,127,141,132,147,150,142,130
1003,464,28,43,99,17,623,128,469,74,467
1004,79,96,90,450,99,362,47,28,9,105
1005,693,123,704,303,274,21,184,37,239,124
1006,505,71,233,93,128,201,279,142,132,138
1007,139,117,229,172,338,233,132,155,173,128
1008,97,71,99,102,85,315,300,101,488,201
1009,169,806,246,279,380,463,584,283,534,658
1010,263,41,623,521,23,50,470,206,698,18
1011,483,194,140,37,169,539,99,241,536,244
1012,184,101,241,282,140,85,169,37,539,534
1014,139,140,129,169,326,338,239,135,132,421
1015,279,625,99,209,101,330,97,47,263,64
1016,196,96,319,206,85,97,101,315,47,215
1017,162,152,142,615,422,224,272,331,326,138
1018,429,396,379,449,431,428,446,565,442,566
1019,502,206,279,100,205,605,593,97,634,37
1020,244,155,142,539,71,194,129,100,241,37
1021,765,343,311,360,279,561,563,653,320,402
1022,13,135,562,132,335,254,129,233,128,172
1023,139,172,131,475,152,229,270,161,254,133
1024,102,267,104,256,251,246,658,283,59,455
1025,633,602,362,295,798,579,294,513,343,575
1026,428,1,395,93,427,53,576,599,28,354
1027,166,165,272,134,139,140,131,421,133,149
1028,1,539,246,131,241,191,169,128,327,534
1029,409,500,473,316,23,472,42,68,470,474
1030,398,565,575,442,343,258,579,93,428,386
1032,93,294,307,563,360,602,53,579,561,559
1033,138,326,270,174,421,645,127,150,139,117
1034,174,226,131,37,164,231,129,13,338,254
1035,792,805,263,300,628,50,28,9,403,23
1036,90,85,300,201,21,53,599,216,295,50
1037,53,90,561,580,450,99,39,300,798,294
1038,450,23,50,34,31,473,18,17,691,470
1039,326,135,338,172,145,229,277,166,140,129
1040,484,384,184,332,102,258,283,670,286,539
1041,575,61,484,282,658,105,47,286,101,194
1042,51,138,133,117,145,284,139,13,166,270
1044,602,315,599,196,318,53,300,47,90,561
1046,418,239,130,270,287,138,131,164,475,49
1047,735,71,557,76,79,215,92,196,209,99
1049,501,633,279,92,21,93,201,263,502,101
1050,107,339,21,366,530,76,218,206,201,315
1051,430,563,463,580,53,575,449,311,484,99
1052,47,202,92,98,71,81,201,457,206,101
1053,275,173,131,49,172,135,239,145,164,226
1054,718,79,32,21,505,364,216,318,97,11
1055,233,244,37,455,142,129,581,226,21,185
1056,37,134,173,133,376,139,131,275,23,226
1057,376,133,173,152,161,23,134,478,131,326
1058,270,275,174,169,254,117,173,475,131,340
1060,47,427,71,400,211,598,105,45,104,311
1061,408,599,49,561,99,300,294,53,362,765
1062,98,196,450,342,104,524,99,408,105,53
1063,100,593,206,26,21,32,79,71,76,99
1064,93,99,396,578,430,395,357,576,307,61
1065,149,229,121,13,155,233,152,326,23,254
1067,202,402,404,342,599,81,105,28,628,102
1068,71,282,342,254,101,184,185,99,533,256
1069,155,233,131,165,145,117,142,169,138,141
1070,282,534,562,283,487,185,71,286,93,543
1071,49,174,326,645,422,152,136,270,239,615
1072,233,185,231,149,133,150,13,139,134,272
1073,342,559,408,402,450,602,653,93,300,360
1074,17,474,42,71,295,470,472,469,216,500
1075,16,488,589,502,201,79,99,651,28,202
1076,303,292,47,239,124,693,99,704,663,650
1078,359,400,580,428,446,633,343,105,99,395
1079,244,286,533,71,562,534,105,185,194,101
1080,51,233,131,275,142,133,139,172,326,376
1081,21,81,205,59,208,37,637,457,202,557
1082,47,71,59,345,201,101,138,488,333,634
1083,47,100,140,244,194,483,93,201,71,562
1084,100,215,108,99,37,11,101,201,651,104
1085,505,47,79,312,11,108,315,21,77,92
1086,450,300,342,579,599,53,408,279,349,653
1087,59,92,17,457,214,53,71,632,279,47
1088,93,282,160,237,251,548,87,539,543,184
1089,412,750,495,496,469,42,467,474,497,216
1091,37,192,132,327,128,140,253,1,129,169
1092,134,229,165,169,152,270,130,149,233,139
1093,185,69,428,427,447,5,342,71,429,445
1094,90,79,59,50,53,28,108,85,345,101
1097,173,139,132,138,326,13,169,161,270,117
1098,59,71,47,26,21,23,108,505,17,50
1099,42,300,9,492,502,105,206,457,450,21
1100,300,211,264,99,98,53,400,93,267,303
1101,59,218,524,406,599,453,211,518,90,506
1102,140,145,132,700,326,174,333,23,173,142
1103,216,21,11,37,105,496,47,71,495,509
1104,270,139,338,173,233,169,272,128,142,131
1106,139,254,165,284,161,174,164,117,173,418
1107,191,533,540,384,244,78,387,562,461,484
1108,363,698,47,555,804,108,193,123,313,196
1109,136,117,152,140,645,172,141,420,254,49
1110,45,395,53,386,431,484,71,449,427,524
1111,256,169,537,282,231,660,283,335,87,194
1112,97,524,75,216,71,196,628,99,318,79
1113,338,49,131,145,233,149,272,127,156,13
1114,87,244,345,502,100,311,169,138,488,23
1115,470,623,467,473,23,474,18,468,469,17
1116,125,49,235,117,129,140,128,775,338,37
1118,87,380,518,279,64,509,105,107,484,244
1119,328,142,140,37,169,229,131,185,132,331
1120,172,421,165,229,233,134,138,164,169,161
1121,140,129,142,254,509,172,37,71,229,102
1122,620,145,135,376,475,270,617,142,173,139
1123,196,364,318,216,319,732,312,209,97,99
1124,145,272,117,131,231,615,174,340,324,377
1125,410,7,104,206,9,46,28,568,666,470
1126,253,286,534,633,484,184,99,463,78,539
1128,13,326,173,145,338,139,275,23,331,184
1130,50,20,99,104,593,349,529,263,587,504
1131,340,23,172,139,275,377,233,174,239,475
1132,141,270,662,331,174,130,328,165,149,187
1133,333,593,279,206,79,202,216,605,92,21
1134,102,583,87,185,244,184,100,581,99,101
1135,173,270,131,373,117,174,226,275,152,239
1136,278,23,139,338,275,328,475,254,173,131
1137,420,165,142,49,37,425,169,174,233,150
1138,453,400,180,105,408,50,211,579,524,93
1139,145,270,165,149,131,229,13,140,134,117
1140,81,92,315,406,318,345,53,89,735,77
1143,161,128,233,132,142,232,145,173,23,166
1144,653,294,360,599,408,53,358,300,561,99
1145,270,145,475,133,338,373,617,173,160,662
1146,142,169,327,229,37,133,145,233,172,128
1147,342,658,343,428,71,573,1,259,436,434
1148,263,99,470,473,74,23,467,300,9,41
1149,68,263,469,698,470,49,23,691,472,640
1150,117,612,140,142,161,331,132,376,169,233
1151,254,583,101,745,184,71,246,140,241,185
1152,50,529,79,316,216,28,206,315,698,404
1153,360,201,28,93,502,295,563,633,352,47
1154,450,99,23,263,300,49,28,342,505,785
1155,312,321,47,404,319,99,79,196,318,366
1156,505,100,97,502,509,263,59,201,85,20
1157,254,184,369,258,87,484,461,282,261,534
1158,253,380,194,641,484,286,562,545,244,78
1159,383,395,71,99,749,442,576,386,554,565
1160,387,283,102,282,670,78,241,184,191,562
1161,128,135,373,326,129,331,328,169,612,229
1163,750,468,42,41,497,58,49,34,43,473
1164,23,13,585,128,420,16,71,233,135,37
1165,206,599,94,53,450,300,457,342,49,345
1166,99,502,21,14,26,71,303,47,23,105
1167,47,205,100,457,214,99,97,635,101,634
1170,59,98,47,279,21,71,214,593,208,632
1171,121,149,233,131,165,173,142,156,272,127
1172,239,131,142,128,184,71,342,343,449,49
1173,457,209,9,97,505,101,628,88,529,50
1174,450,78,362,53,580,433,576,639,408,99
1176,254,517,244,253,539,669,382,427,251,241
1177,279,583,184,681,71,455,255,169,246,241
1178,145,142,23,128,117,13,37,338,135,275
1179,117,142,161,155,133,134,326,165,172,23
1180,272,142,140,284,132,129,233,139,338,173
1181,406,196,28,505,628,17,321,718,108,50
1182,81,555,317,315,311,108,32,517,460,45
1183,87,391,184,102,658,253,380,231,477,367
1184,169,131,229,141,117,138,173,254,156,49
1185,145,585,420,505,338,37,132,202,278,273
1186,174,141,331,172,270,164,145,155,152,169
1187,47,79,599,653,90,404,295,318,360,352
1188,420,333,169,16,243,71,100,281,23,233
1189,140,138,154,275,478,131,172,231,155,51
1190,21,457,20,206,71,592,99,590,81,28
1191,357,450,105,343,362,579,563,408,21,300
1192,47,402,653,59,295,90,345,71,100,300
1193,427,53,563,354,105,580,342,450,449,93
1194,101,85,32,196,99,71,50,11,59,333
1195,56,76,319,210,79,33,404,215,364,206
1196,450,99,71,47,563,101,21,427,201,279
1197,254,142,152,233,155,173,187,174,140,135
1198,172,174,338,475,335,327,117,135,458,272
1199,345,362,404,559,408,295,579,279,406,561
1200,342,295,360,17,457,320,450,211,311,563
1202,468,39,742,411,41,472,49,496,24,666
1204,511,520,53,196,295,206,599,363,84,44
1206,563,572,402,441,396,576,295,359,362,61
1207,343,563,53,580,105,342,99,437,450,61
1209,17,474,411,468,50,470,74,500,698,23
1210,43,498,53,16,665,206,411,18,47,42
1211,50,216,18,9,470,41,469,23,666,68
1212,599,71,97,593,100,59,457,81,263,85
1213,495,68,17,104,221,50,473,9,408,494
1214,509,254,78,427,428,71,253,534,396,258
1215,145,142,135,169,129,326,141,132,128,138
1216,59,241,256,387,231,184,185,37,169,78
1217,79,76,756,95,206,47,21,203,101,312
1219,81,93,47,59,457,502,100,333,350,28
1220,128,593,14,47,138,37,140,71,99,129
1221,535,286,782,390,378,387,256,380,507,677
1222,133,155,422,145,338,150,156,134,13,140
1223,50,101,294,408,450,279,71,263,90,295
1224,294,295,725,360,99,561,579,53,427,90
1225,37,496,470,300,29,495,17,509,105,47
1226,164,173,229,133,142,165,161,117,272,49
1228,342,69,653,453,427,408,90,400,211,362
1229,164,233,418,173,272,165,338,132,169,13
1230,680,343,300,184,36,563,28,509,185,244
1231,307,357,521,579,99,61,633,402,653,300
1232,691,464,699,470,99,316,408,58,469,23
1233,136,138,142,272,140,155,132,117,229,135
1234,140,145,338,139,272,165,51,117,135,169
1235,361,1,108,23,450,509,263,47,59,355
1236,343,484,427,258,105,93,47,269,194,246
1237,279,339,214,488,589,101,92,97,71,21
1238,408,300,295,93,402,628,279,216,294,59
1239,85,84,206,216,105,345,311,502,59,557
1240,97,50,206,32,315,92,502,81,71,90
1242,342,395,99,105,428,98,396,576,343,579
1243,408,101,100,98,343,104,93,427,563,519
1244,410,404,211,501,201,500,36,9,71,628
1245,539,503,387,283,71,185,282,332,102,184
1246,505,37,169,149,128,117,49,145,233,272
1247,134,133,272,152,51,172,154,139,422,138
1248,173,140,174,23,233,129,172,138,128,145
1249,598,653,362,602,450,408,513,311,342,300
1253,275,244,185,172,23,331,277,131,152,239
1254,442,71,598,53,513,99,599,518,400,427
1255,47,233,293,21,278,254,273,169,99,145
1256,311,279,206,28,102,300,100,47,345,99
1258,300,408,17,99,28,9,221,349,501,59
1259,286,259,78,102,194,391,562,251,191,246
1261,488,59,64,214,201,99,735,209,502,101
1262,142,145,421,149,233,173,132,172,23,129
1263,142,117,422,172,131,138,173,134,127,156
1264,50,579,580,100,361,607,602,343,653,402
1265,97,364,101,557,505,92,99,32,79,317
1267,599,186,184,61,93,71,576,78,380,579
1270,102,283,169,100,231,326,254,101,140,330
1271,300,357,71,294,450,563,599,561,342,408
1272,173,145,133,117,165,475,278,184,135,287
1273,493,196,108,206,202,582,85,457,79,59
1274,395,725,347,428,427,360,633,602,653,521
1275,105,589,279,488,593,21,333,90,92,406
1276,105,85,92,553,50,721,104,633,321,201
1277,100,502,79,345,263,37,102,59,463,194
1278,23,326,13,229,131,172,289,331,139,149
1279,593,279,680,138,206,345,59,100,214,634
1280,560,23,593,457,349,581,85,206,470,201
1281,104,343,579,47,513,427,428,383,99,260
1282,263,200,502,457,99,85,593,20,100,300
1283,226,117,139,275,23,149,134,142,233,133
1284,167,28,32,196,26,108,47,104,604,206
1286,805,50,206,99,79,100,321,279,47,11
1287,427,768,565,78,524,509,395,267,180,579
1288,361,601,599,362,47,59,53,263,254,21
1289,206,99,366,11,652,315,319,89,92,695
1290,16,21,101,129,330,99,207,263,169,418
1291,272,170,49,37,145,140,169,139,114,132
1292,172,133,135,376,132,620,128,169,233,129
1293,584,238,484,267,102,340,71,391,184,256
1294,145,172,139,174,231,275,233,128,475,155
1295,100,593,98,71,101,202,628,406,635,208
1296,513,428,260,99,599,749,180,431,395,509
1298,161,478,164,159,135,328,169,134,13,156
1299,133,233,161,326,134,254,145,149,418,139
1300,134,141,645,161,150,422,160,338,127,174
1301,140,139,156,127,425,233,155,229,338,172
1302,333,279,105,502,100,79,59,53,138,92
1303,53,81,98,557,208,502,88,204,21,105
1304,135,326,13,161,239,51,376,328,145,152
1305,134,161,277,165,49,254,149,275,51,172
1307,169,128,326,145,68,470,366,23,129,132
1308,174,162,138,229,51,172,152,156,145,140
1309,345,267,201,450,463,427,295,78,99,402
1310,23,135,161,131,270,139,142,233,132,140
1311,235,140,145,23,272,147,173,13,242,156
1312,246,286,658,102,185,387,269,283,184,258
1313,317,312,95,79,512,97,92,196,628,319
1316,173,128,275,132,117,338,13,135,145,174
1318,117,229,331,174,172,13,161,185,131,133
1319,202,201,211,79,28,184,93,345,457,101
1321,92,93,47,634,79,21,408,97,98,71
1322,453,513,47,303,216,518,45,71,517,429
1323,534,71,160,99,483,241,184,335,169,282
1324,450,3,343,577,565,639,575,342,576,579
1325,264,99,782,45,395,519,628,104,343,719
1327,300,623,49,50,472,206,29,23,464,496
1329,93,196,71,254,47,53,84,502,179,583
1330,311,599,301,99,47,10,263,50,362,300
1331,343,450,105,47,93,300,653,342,311,362
1332,155,338,13,141,117,139,156,168,254,174
1333,279,76,201,59,593,105,53,101,84,634
1334,129,128,135,229,132,117,169,275,37,145
1335,215,366,52,505,108,496,604,196,506,11
1336,71,342,501,640,343,211,206,54,407,410
1337,140,205,214,100,21,208,333,79,14,505
1339,345,592,79,214,98,202,97,690,263,87
1340,354,639,61,395,599,380,579,78,576,359
1342,99,408,576,427,354,342,653,442,428,575
1343,396,580,93,362,575,443,639,53,427,444
1345,295,343,90,408,300,360,53,602,93,579
1346,335,129,71,487,102,327,37,87,185,194
1347,450,765,599,294,99,300,427,357,93,459
1348,142,132,161,422,254,150,140,335,135,331
1349,457,581,101,85,37,28,64,104,102,100
1350,408,395,633,725,343,444,443,396,577,576
1351,338,13,132,239,331,131,51,340,23,172
1352,658,246,343,524,396,395,509,105,576,184
1353,87,239,431,343,386,253,562,102,254,286
1354,98,97,502,557,457,202,206,333,214,634
1355,85,103,511,21,97,47,502,201,88,92
1356,231,141,155,270,331,136,154,165,145,326
1357,653,352,427,607,300,408,105,362,357,295
1358,427,99,565,53,47,383,398,67,449,749
1360,76,99,504,205,502,97,81,312,196,75
1362,1,428,575,576,463,53,579,362,354,93
1363,237,191,140,367,256,241,102,184,658,534
1364,53,765,93,580,653,599,579,563,559,295
1365,49,475,270,51,662,173,714,418,138,141
1366,338,169,102,23,131,71,129,128,132,254
1367,618,229,140,239,167,13,704,23,129,135
1368,172,13,105,23,134,78,185,338,239,340
1369,145,139,289,142,129,475,13,132,338,270
1371,562,509,87,369,184,59,78,497,102,71
1372,81,593,418,279,93,457,333,100,635,184
1373,129,37,184,21,562,99,355,101,105,100
1374,244,101,93,286,658,484,1,563,78,251
1375,99,78,427,431,395,599,563,105,408,342
1376,332,71,539,184,483,59,233,191,101,658
1377,256,483,335,286,562,102,282,534,535,254
1378,300,404,95,599,362,349,294,79,318,215
1379,136,149,152,135,145,662,142,173,132,254
1380,581,251,253,246,99,539,87,387,78,241
1381,605,99,589,59,505,71,207,85,37,47
1382,105,166,704,14,141,618,145,274,235,314
1383,50,593,108,201,300,26,97,206,202,502
1384,345,47,36,85,201,488,59,254,502,457
1385,254,169,478,132,275,338,139,145,226,160
1386,505,108,47,32,355,512,129,509,53,28
1387,455,71,23,64,196,37,93,129,263,100
1388,376,135,142,155,23,338,377,139,13,132
1389,79,592,76,59,632,196,92,14,100,339
1390,98,202,79,402,205,86,100,206,21,716
1393,2,266,410,50,108,46,37,567,494,71
1394,338,49,169,134,117,229,139,101,272,155
1395,505,300,196,209,312,36,53,511,406,557
1396,653,430,295,433,61,450,446,449,443,307
1397,599,428,395,359,343,53,579,342,354,450
1398,101,668,71,625,129,244,254,581,191,87
1399,377,475,138,145,117,373,174,254,226,152
1401,149,13,129,233,156,142,152,140,132,139
1402,580,311,45,295,402,343,563,519,300,342
1403,201,128,37,332,326,593,100,244,142,282
1404,315,196,402,21,319,209,206,50,559,81
1405,21,47,201,97,652,99,300,680,76,557
1406,99,88,502,85,79,582,196,211,206,59
1407,350,86,457,208,593,202,300,85,634,205
1408,49,124,173,650,145,128,353,37,693,23
1410,326,338,161,135,157,340,774,131,239,132
1411,342,495,295,362,196,427,263,81,602,99
1413,244,231,619,152,49,275,167,174,254,173
1414,99,563,47,185,102,179,263,333,201,658
1416,557,457,589,206,333,315,138,59,71,21
1418,145,539,340,129,131,142,140,172,135,102
1419,455,153,128,85,279,185,263,47,333,194
1420,279,589,79,101,21,105,333,300,206,98
1421,206,47,345,312,79,450,81,83,263,50
1422,47,99,311,59,185,85,184,484,104,279
1423,173,145,152,226,139,169,164,156,421,338
1424,85,562,202,345,279,581,28,502,59,92
1425,99,37,128,47,140,593,16,337,505,779
1426,132,13,131,128,418,172,299,177,23,129
1427,742,43,47,492,18,300,74,467,472,41
1428,579,311,633,450,396,575,362,78,599,99
1429,149,157,275,117,155,272,422,174,331,327
1430,511,502,85,93,205,71,216,202,201,279
1431,139,117,149,128,233,505,169,132,272,49
1432,9,59,6,68,32,108,470,196,71,263
1433,165,139,127,37,131,140,128,132,135,13
1434,229,13,173,284,254,117,165,277,231,174
1435,173,169,165,185,140,233,150,133,156,172
1437,139,142,132,172,23,326,478,13,226,169
1438,680,21,97,92,79,85,279,589,71,605
1439,263,98,21,330,429,53,311,196,279,85
1440,135,173,140,141,131,142,128,132,37,229
1441,211,71,98,100,206,511,557,59,716,315
1442,71,387,540,78,87,392,534,658,343,484
1443,428,93,579,360,578,576,580,90,602,105
1444,483,283,102,479,191,160,231,537,538,241
1445,131,233,165,275,172,272,145,229,37,134
1446,152,135,132,172,161,231,226,338,275,139
1447,117,132,155,164,51,331,328,239,23,138
1449,53,100,279,342,300,408,559,105,102,653
1450,477,169,332,539,241,102,244,194,254,487
1451,169,23,133,254,139,272,13,149,161,275
1452,275,332,37,229,231,131,140,138,128,172
1453,13,142,172,117,254,149,224,277,421,138
1454,521,450,18,43,206,23,497,492,474,49
1455,275,174,139,161,270,284,133,13,117,645
1456,23,101,50,108,263,79,47,581,279,473
1457,117,134,327,23,272,164,138,376,13,373
1458,172,272,338,134,173,140,142,233,138,162
1459,79,28,21,599,47,50,321,408,404,300
1461,340,331,135,23,275,231,173,483,338,270
1462,254,172,324,239,133,275,138,287,476,475
1463,104,300,85,23,20,71,47,505,101,593
1464,184,502,28,264,505,108,247,85,524,343
1465,117,13,156,173,169,233,37,161,23,132
1466,141,149,233,174,338,275,165,224,615,130
1467,254,131,135,128,169,140,23,185,244,484
1469,254,338,311,128,138,169,502,132,194,326
1470,95,88,404,206,21,696,104,90,319,97
1471,275,152,277,131,165,37,169,231,139,138
1472,105,53,64,502,100,101,99,108,509,32
1473,169,161,229,275,145,487,128,140,326,172
1474,32,28,317,47,11,735,100,218,366,108
1475,233,239,167,154,156,129,163,161,23,139
1476,340,139,145,475,143,326,239,117,155,482
1478,37,154,23,326,340,139,226,135,142,231
1479,388,545,384,47,254,546,105,184,101,71
1480,273,142,135,128,326,286,129,233,132,254
1481,205,632,263,99,105,47,214,86,562,21
1483,132,455,23,340,268,332,142,145,229,100
1484,343,253,782,265,258,595,102,524,105,194
1485,71,690,132,140,100,142,291,101,273,338
1486,205,263,71,101,582,47,99,100,86,79
1488,442,354,580,638,524,599,446,258,579,575
1489,272,161,233,135,145,156,142,130,169,37
1490,391,71,398,369,387,396,534,246,428,461
1491,101,79,201,26,505,13,20,279,36,339
1492,172,340,135,231,184,142,169,326,13,327
1493,343,427,395,321,442,196,505,428,579,53
1494,145,488,279,140,634,37,71,100,128,562
1495,215,104,47,11,195,365,216,85,804,99
1496,9,201,300,42,582,71,100,50,502,64
1497,600,99,307,429,599,580,53,579,90,69
1498,99,81,666,467,410,16,469,408,47,17
1500,71,47,569,104,59,494,300,6,50,102
1501,247,387,641,194,385,369,370,78,395,380
1502,100,511,21,47,20,59,497,32,14,64
1503,244,129,140,28,338,184,505,102,165,100
1504,555,88,85,33,597,593,364,11,196,505
1505,300,496,411,412,42,6,474,742,32,279
1506,201,85,56,17,92,318,502,105,628,100
1507,113,78,292,274,704,664,166,611,167,693
1508,93,59,402,404,295,202,345,463,37,97
1509,87,487,244,340,194,142,233,138,23,327
1511,174,226,13,168,164,152,154,277,331,49
1513,206,81,21,99,85,201,450,279,263,184
1514,50,472,42,474,263,13,495,43,6,49
1515,23,139,233,338,132,136,140,145,229,141
1516,284,117,13,450,135,164,139,141,165,169
1517,225,161,37,145,229,164,338,127,233,173
1518,196,557,81,84,210,279,77,53,79,216
1519,254,140,131,37,562,326,231,99,275,185
1520,79,291,64,263,589,208,690,366,206,97
1521,173,376,117,231,270,616,331,373,142,37
1522,47,488,81,59,402,100,64,201,279,463
1524,300,211,279,21,102,345,90,593,105,100
1525,373,327,173,155,13,142,51,277,23,145
1527,254,632,59,201,366,21,92,205,97,202
1528,174,226,164,239,117,270,254,142,326,131
1530,443,105,427,575,450,408,354,295,99,396
1531,564,639,342,396,442,354,599,576,431,343
1532,49,133,239,156,229,131,233,172,127,422
1533,233,165,139,229,275,127,173,49,138,169
1534,50,28,14,47,169,49,37,78,279,254
1535,327,275,129,184,328,140,101,340,326,233
1536,433,578,99,61,599,354,725,565,577,396
1537,145,138,172,160,185,132,128,275,161,169
1538,211,85,502,138,105,79,37,488,92,202
1539,214,333,208,92,98,488,637,205,279,418
1540,326,185,131,23,233,229,272,254,135,139
1541,472,50,496,49,500,29,206,43,42,300
1542,362,50,467,9,58,263,93,472,408,71
1543,396,342,575,579,53,354,450,449,438,444
1544,161,128,142,1,155,254,140,13,135,229
1545,71,279,81,582,100,557,502,28,488,64
1546,593,208,99,93,79,345,488,105,605,690
1547,28,211,71,457,59,502,47,589,100,195
1549,214,279,205,59,593,557,345,101,100,635
1551,519,400,105,524,509,408,98,71,216,59
1552,326,141,132,145,37,173,229,140,169,163
1553,142,173,117,140,132,172,13,145,135,254
1554,279,450,105,201,90,342,100,28,357,47
1555,422,270,326,152,161,233,420,229,138,133
1556,580,599,343,518,554,513,428,450,453,91
1557,108,104,50,768,496,366,84,506,604,60
1558,233,169,132,85,338,131,173,87,562,142
1559,71,282,291,254,37,145,488,557,87,172
1560,254,244,164,13,138,139,478,142,117,229
1562,263,129,185,98,201,138,99,100,502,87
1563,142,145,49,128,132,149,140,127,141,37
1564,37,340,165,478,168,141,130,154,615,376
1565,211,457,76,202,333,488,208,99,279,582
1566,86,680,634,14,59,28,315,815,716,105
1567,135,37,132,172,129,233,140,128,23,145
1568,377,139,331,13,172,275,142,173,155,131
1570,132,128,172,334,458,233,23,690,229,99
1572,645,171,284,174,615,187,138,150,156,130
1573,680,208,100,86,632,457,488,21,345,333
1574,59,71,99,557,279,101,202,634,593,21
1575,105,602,653,406,53,563,90,428,580,360
1576,21,101,99,562,140,583,13,102,37,100
1577,142,13,232,49,326,141,338,131,145,149
1578,117,326,169,164,154,13,331,161,142,51
1579,92,79,71,21,488,457,593,345,632,205
1580,152,13,172,254,139,117,338,135,138,134
1581,47,205,101,202,315,99,71,97,85,21
1582,71,562,21,93,463,380,102,99,184,286
1583,84,37,502,79,457,64,94,196,81,201
1584,101,463,246,658,283,37,487,129,327,253
1585,279,17,41,43,468,300,411,206,469,31
1586,99,599,430,431,450,53,449,362,577,446
1587,202,88,100,502,263,28,21,108,71,37
1588,602,402,105,362,357,354,559,343,53,427
1589,379,563,396,184,85,102,93,384,428,393
1590,141,117,152,326,48,281,139,169,131,165
1591,172,13,23,136,150,174,117,156,187,145
1592,47,87,443,254,194,85,579,575,580,71
1593,139,173,145,165,23,156,233,149,140,142
1594,79,93,502,205,211,53,634,81,457,488
1595,71,602,600,427,633,93,428,206,653,402
1596,798,300,607,406,90,561,427,357,633,765
1597,607,71,93,279,589,211,345,295,294,457
1599,641,378,369,78,391,545,539,87,254,380
1600,272,138,131,134,149,277,139,172,156,254
1601,399,698,81,99,9,501,468,470,666,104
1604,431,484,563,534,269,267,461,343,455,355
1605,326,132,475,229,23,169,172,239,142,331
1606,139,418,272,340,620,270,155,160,478,226
1607,142,173,23,117,231,139,138,131,458,145
1608,231,145,560,149,138,99,338,172,254,488
1611,34,68,46,472,468,9,411,50,470,17
1613,256,658,78,191,387,286,484,184,238,253
1614,13,138,239,85,135,273,128,140,272,100
1615,100,254,595,71,185,311,283,184,279,85
1616,140,155,229,272,37,139,270,161,49,133
1617,563,53,603,90,579,362,561,295,402,408
1618,590,47,49,21,71,311,93,53,522,99
1619,355,518,343,247,519,105,396,427,400,59
1620,145,102,704,21,505,53,215,264,47,343
1621,129,132,49,338,128,731,21,138,505,272
1622,17,559,295,206,53,99,362,408,633,500
1623,211,258,525,311,749,453,98,67,395,99
1624,196,200,215,76,321,56,652,735,32,16
1625,68,505,23,470,300,411,188,9,62,28
1626,581,93,59,360,505,71,100,408,90,101
1627,442,653,90,294,725,93,576,358,575,354
1628,23,141,117,275,616,482,155,134,615,161
1629,102,67,1,28,244,59,99,26,64,343
1630,99,505,47,451,100,59,104,21,16,501
1632,254,172,338,239,132,134,173,231,331,135
1633,174,254,165,421,167,229,117,169,131,49
1634,312,598,318,206,196,99,105,53,50,303
1635,593,502,64,202,50,14,463,101,79,85
1636,475,131,142,275,117,165,139,132,239,326
1637,95,99,502,92,85,206,345,76,318,81
1638,108,52,718,216,92,53,318,317,47,364
1639,354,428,93,362,395,599,408,563,633,576
1640,449,99,359,725,343,93,450,578,441,53
1641,361,521,93,47,53,402,399,17,23,216
1642,470,17,74,473,472,23,300,411,9,467
1643,468,300,129,411,301,37,49,469,473,263
1644,343,362,599,307,563,428,580,725,105,99
1646,127,13,142,117,173,505,233,136,338,326
1647,160,142,617,331,326,145,131,23,324,376
1648,138,173,239,149,338,49,134,165,131,169
1649,169,23,139,229,71,145,102,164,133,172
1650,53,279,362,206,345,85,28,93,295,300
1652,134,172,131,169,229,233,128,139,13,326
1653,469,17,53,47,263,742,68,410,74,412
1654,76,47,79,406,99,92,77,349,50,300
1655,428,719,450,71,211,99,427,749,180,105
1656,505,85,37,71,201,589,334,208,101,93
1657,11,28,300,105,59,312,196,104,99,32
1658,326,99,233,129,37,161,133,132,128,244
1659,272,172,145,128,173,142,169,229,254,155
1660,359,342,354,428,580,307,99,400,396,563
1661,244,128,160,331,129,142,21,233,483,132
1662,142,140,134,132,37,166,274,135,129,13
1663,133,185,152,141,174,130,138,270,142,232
1664,37,548,194,71,483,169,658,562,387,102
1665,282,760,391,669,185,87,253,534,239,254
1666,172,164,142,331,154,152,127,270,149,135
1667,279,206,581,300,99,64,85,557,263,201
1669,268,59,450,53,247,184,102,571,484,108
1670,658,283,534,254,87,527,461,71,181,185
1671,53,577,450,563,396,633,433,354,408,638
1672,587,99,101,593,85,36,97,93,53,105
1674,92,23,502,488,593,244,254,99,345,102
1675,562,241,237,140,160,169,37,539,194,286
1676,211,206,81,279,300,71,345,98,295,488
1677,274,663,101,185,292,169,239,581,254,314
1678,13,478,152,131,138,139,615,617,327,275
1679,93,37,595,201,47,102,1,28,254,87
1680,342,69,85,45,680,450,429,512,90,21
1682,128,284,99,184,326,328,132,142,37,340
1683,201,488,100,206,21,279,205,557,105,202
1684,326,145,233,185,139,156,117,13,229,132
1685,214,488,263,279,216,345,205,418,21,101
1686,131,129,418,128,169,71,279,562,233,185
1687,139,377,131,184,478,174,163,284,326,23
1688,101,196,593,504,651,202,138,16,100,532
1689,28,218,107,216,363,319,99,313,496,11
1690,101,135,505,270,160,142,331,161,338,173
1691,50,99,101,557,71,502,28,366,17,279
1692,169,338,101,562,13,138,233,132,172,593
1693,328,117,13,164,275,156,155,152,142,233
1694,135,693,235,314,145,239,166,618,663,37
1695,59,97,345,511,333,86,633,216,593,92
1696,579,342,442,577,408,725,433,563,105,653
1697,402,47,599,263,513,294,653,28,315,90
1699,229,174,117,149,141,478,132,338,140,13
1700,21,279,104,108,28,216,99,85,206,315
1701,92,88,47,286,105,87,71,101,21,557
1702,653,360,352,105,343,345,428,93,563,427
1703,391,71,194,539,427,342,238,283,105,192
1704,13,134,149,128,173,161,132,169,135,23
1705,202,206,815,345,71,92,690,557,47,634
1706,333,47,71,239,208,140,20,457,167,129
1707,580,443,93,576,300,61,354,295,607,320
1708,502,201,93,53,310,628,100,85,211,101
1709,633,408,427,559,294,295,563,300,352,342
1710,104,303,28,71,343,78,211,505,85,216
1711,216,99,399,753,263,50,279,59,79,47
1712,93,428,295,575,607,450,563,300,362,47
1715,23,169,233,138,254,272,145,16,149,140
1717,154,270,338,161,142,187,418,229,422,231
1718,23,13,129,134,690,173,338,233,254,131
1719,363,206,88,308,303,47,364,196,218,506
1720,216,96,300,99,196,215,75,628,312,92
1721,99,402,345,49,105,362,295,298,296,294
1722,242,132,117,152,127,131,167,166,169,156
1723,47,505,99,53,604,599,11,514,32,317
1724,593,100,99,47,201,279,529,37,64,104
1725,173,275,13,145,117,426,331,169,142,138
1726,138,154,172,141,165,226,149,134,155,275
1727,279,345,92,81,557,105,28,593,201,47
1728,101,29,46,497,42,263,108,206,99,26
1729,95,92,505,85,59,71,300,81,17,201
1730,169,139,272,164,127,173,142,134,338,326
1732,216,17,196,300,104,313,364,81,47,404
1733,575,354,433,563,580,442,342,93,428,441
1734,154,131,161,23,145,139,242,13,142,338
1736,129,331,139,135,173,145,229,174,138,275
1737,321,98,71,484,343,47,32,184,509,303
1740,488,457,71,208,101,21,97,592,33,364
1741,99,37,79,101,21,505,502,589,47,279
1742,145,418,338,275,173,172,160,331,117,254
1743,332,244,59,250,102,562,282,256,194,236
1744,47,101,169,196,100,28,68,99,583,92
1745,384,254,88,47,101,201,93,21,194,507
1746,216,201,33,202,94,81,26,502,71,50
1747,50,206,26,321,28,77,59,315,84,604
1748,185,169,289,270,172,275,340,229,132,244
1749,408,102,579,53,78,342,295,563,47,50
1751,104,216,365,50,364,303,317,218,108,20
1752,59,221,593,85,502,202,32,23,37,196
1753,226,138,478,51,152,272,270,254,421,616
1754,431,105,355,441,599,577,396,575,429,45
1755,28,304,20,364,512,555,196,650,505,36
1757,142,331,233,138,135,169,156,338,140,149
1759,244,343,251,254,105,246,527,258,461,269
1760,599,343,342,428,71,99,93,1,575,279
1761,23,362,28,361,47,13,650,300,206,301
1762,326,138,149,174,131,284,117,155,156,272
1764,511,21,79,77,76,753,319,92,505,695
1765,174,273,23,139,233,142,231,229,593,338
1766,139,422,174,145,134,152,161,155,138,270
1768,475,140,172,275,331,23,135,231,338,326
1769,338,37,155,331,117,135,23,145,287,239
1770,132,128,140,254,169,129,239,14,20,135
1771,164,132,135,142,149,156,169,327,272,134
1772,92,279,53,211,99,71,21,263,343,50
1773,233,140,23,129,173,229,169,338,145,127
1774,283,253,380,184,244,256,169,286,102,254
1775,49,467,742,18,263,29,474,34,23,300
1776,13,270,142,327,139,620,328,133,135,231
1777,6,470,412,495,216,568,104,769,582,108
1778,97,102,36,216,202,37,81,92,593,263
1779,53,45,99,768,196,453,47,599,364,108
1780,373,277,164,134,187,475,149,152,231,340
1781,105,342,295,357,563,360,294,607,653,580
1782,396,78,258,343,431,428,383,429,71,37
1783,345,211,450,205,362,633,81,360,602,579
1784,71,93,140,690,102,562,231,47,593,37
1785,502,216,529,366,208,350,511,108,93,593
1786,254,135,233,475,229,331,163,338,131,328
1787,518,206,519,402,295,53,345,300,524,58
1788,138,475,239,152,117,422,23,376,51,157
1789,279,318,97,101,71,100,79,302,511,99
1790,488,128,135,169,21,100,37,85,142,138
1791,233,140,165,229,130,142,161,421,49,169
1792,320,428,354,402,598,561,633,39,294,563
1793,421,141,663,145,21,124,704,101,274,123
1794,253,534,254,539,87,484,286,244,246,658
1795,134,133,169,131,165,338,172,326,156,270
1796,138,99,59,690,194,140,236,184,201,488
1797,211,202,634,201,205,88,457,311,214,345
1798,68,26,9,279,263,408,587,450,20,101
1799,169,229,23,165,425,156,168,161,338,131
1800,46,14,47,505,493,59,333,37,593,36
1801,218,108,317,364,530,32,505,47,366,555
1802,99,488,201,184,71,50,88,483,47,95
1803,376,169,229,131,161,140,289,23,37,128
1804,463,345,332,98,140,502,102,202,658,291
1805,59,100,404,81,77,557,345,85,300,104
1806,403,209,71,502,101,312,202,215,79,589
1807,365,318,364,85,107,52,79,512,97,628
1808,418,172,51,233,272,275,127,254,270,165
1809,463,343,428,342,78,185,286,534,105,244
1810,51,142,165,254,135,117,23,133,139,131
1811,13,326,149,615,145,233,229,272,152,172
1813,338,233,117,152,272,134,130,475,161,226
1814,81,488,59,211,100,263,529,208,86,402
1815,85,97,404,279,90,92,81,300,71,605
1816,279,85,47,105,21,99,100,71,201,14
1817,129,37,128,100,28,21,47,59,337,13
1818,99,263,50,473,47,469,450,64,17,474
1819,131,233,338,173,142,23,421,135,128,139
1820,331,254,152,272,270,478,616,284,154,134
1821,478,149,165,133,373,615,152,141,476,173
1822,352,539,595,201,721,194,342,380,656,99
1823,279,625,201,93,172,194,85,311,37,102
1824,404,360,53,406,85,633,357,300,342,345
1825,282,102,244,87,184,343,241,251,391,545
1826,142,13,99,169,71,135,338,326,132,138
1827,7,567,590,266,245,506,28,47,363,104
1828,152,172,133,327,136,254,458,185,270,145
1829,327,272,615,173,117,231,149,270,161,174
1830,202,205,185,279,680,345,99,634,502,463
1831,635,79,716,93,502,406,589,81,138,632
1832,634,273,279,205,88,79,211,690,138,300
1833,165,229,168,117,141,233,169,13,140,145
1834,37,139,155,152,13,132,338,140,23,131
1835,244,105,47,59,505,68,9,473,17,50
1836,100,71,97,194,208,93,231,101,502,488
1838,59,141,338,272,145,291,142,420,135,170
1839,572,408,513,362,563,343,653,53,576,396
1840,128,169,37,131,418,117,153,145,135,13
1841,450,563,567,2,343,47,61,99,245,50
1842,387,254,563,105,194,527,102,539,509,256
1844,92,145,99,13,488,100,202,132,16,279
1845,263,563,105,28,427,42,362,408,23,53
1846,13,131,338,169,254,132,331,117,135,139
1848,84,406,349,310,279,196,599,36,79,53
1850,233,117,145,142,131,243,139,272,140,132
1851,174,338,13,617,135,340,231,226,152,270
1852,129,128,287,13,49,458,135,142,139,140
1853,202,99,85,488,47,680,333,208,59,97
1854,99,105,352,47,122,50,650,102,655,111
1855,47,201,21,100,97,93,81,457,202,345
1856,229,131,172,169,233,37,232,117,326,173
1857,286,211,194,21,78,75,95,88,84,767
1858,342,446,442,346,563,577,565,443,362,105
1859,300,105,99,628,211,28,406,205,88,59
1860,431,564,563,99,359,408,446,444,53,105
1861,99,519,36,90,47,579,404,400,206,633
1862,138,21,632,93,47,208,101,502,99,457
1863,324,142,23,139,373,145,13,173,616,117
1864,53,357,408,580,300,653,450,602,296,362
1865,484,463,563,184,311,343,47,102,509,518
1866,244,185,59,267,283,343,563,342,102,98
1867,99,656,105,305,595,194,721,463,352,394
1868,295,99,513,599,105,354,362,428,359,602
1869,156,233,152,154,134,338,114,145,37,149
1871,145,422,233,338,165,140,142,152,127,139
1872,331,487,160,129,340,161,142,194,231,37
1873,142,225,422,155,229,152,233,127,140,338
1874,664,303,99,196,505,218,21,47,650,555
1875,101,201,85,71,50,315,196,99,202,652
1877,321,201,71,592,366,202,339,99,47,101
1879,579,607,408,345,401,59,45,463,211,105
1880,135,145,331,164,476,173,270,338,229,138
1881,338,135,173,272,34,101,31,139,140,450
1882,301,304,99,127,123,113,111,49,418,141
1883,99,500,316,468,216,9,196,28,691,402
1885,104,505,808,511,52,59,628,321,303,21
1887,427,45,180,260,71,599,395,428,579,524
1888,85,71,79,263,53,47,101,300,633,100
1889,563,357,513,342,598,360,428,345,450,561
1890,595,194,184,643,265,1,484,123,408,264
1891,196,47,590,555,99,14,28,53,303,108
1892,37,562,185,502,194,244,201,282,71,85
1894,156,13,161,233,172,338,174,155,139,138
1895,169,161,242,49,243,134,233,51,148,155
1896,97,540,71,215,604,89,99,366,502,209
1897,99,563,408,78,576,395,580,359,430,427
1898,239,145,418,275,324,133,128,138,135,139
1899,326,229,172,117,254,272,414,13,21,140
1900,263,74,473,18,39,496,41,49,349,68
1902,169,135,233,145,23,21,13,184,172,338
1903,272,136,140,270,326,173,229,138,131,145
1904,321,312,90,89,79,101,50,100,263,300
1905,79,457,85,100,47,21,589,593,92,71
1906,539,135,100,99,101,142,279,138,78,145
1907,108,555,99,366,696,363,105,196,303,313
1908,139,131,284,272,229,185,127,140,134,169
1909,475,231,138,131,128,155,133,338,326,270
1910,100,338,132,21,593,40,129,140,71,47
1911,208,206,345,202,716,59,71,457,557,92
1912,123,111,105,253,166,247,664,693,650,813
1914,561,408,90,342,71,579,599,343,300,279
1915,278,129,117,326,140,23,169,233,135,132
1917,140,139,233,145,152,23,164,169,173,161
1918,201,37,93,92,263,59,101,254,78,99
1919,92,28,202,279,138,47,64,315,214,632
1920,233,332,184,191,562,128,101,231,71,160
1921,338,131,140,326,169,37,129,142,172,161
1922,201,318,99,81,221,100,75,202,88,79
1923,194,524,71,428,599,78,264,105,184,53
1924,23,102,131,327,326,340,169,132,140,71
1925,534,184,59,283,562,477,332,233,384,256
1926,104,17,36,26,505,28,59,32,21,138
1928,196,14,117,505,128,49,47,99,338,135
1929,263,563,23,9,49,408,347,50,99,469
1931,100,196,406,345,47,101,53,37,138,599
1933,93,211,362,295,28,406,408,105,50,345
1934,131,233,49,145,326,129,132,37,128,23
1935,71,87,169,527,545,539,283,78,251,239
1936,463,71,79,690,100,98,105,59,92,488
1937,87,37,131,348,340,71,102,343,128,408
1938,47,97,99,196,215,89,202,557,315,85
1939,196,90,450,28,727,559,362,53,216,623
1941,184,562,254,479,191,102,283,194,169,237
1942,71,468,467,49,50,742,13,492,31,469
1944,359,395,575,342,449,639,563,599,576,579
1946,139,150,233,129,37,169,173,49,149,145
1947,59,32,85,99,502,47,84,37,201,21
1948,129,233,131,185,132,128,169,328,241,87
1949,345,206,71,593,79,138,202,102,97,21
1950,457,85,101,279,28,593,99,201,100,88
1951,79,87,93,380,71,201,633,101,99,345
1952,205,279,216,98,71,206,101,457,593,59
1954,23,149,152,134,13,165,145,229,37,131
1955,89,196,215,502,71,85,581,76,75,100
1956,28,623,117,450,31,469,13,468,128,300
1957,229,37,338,21,131,177,173,101,233,138
1958,349,221,698,74,68,467,472,47,469,23
1959,23,174,49,373,229,139,275,117,138,338
1961,132,173,135,326,13,169,233,130,231,275
1962,201,28,216,14,20,47,206,593,71,50
1963,155,662,13,149,49,145,270,254,169,161
1964,582,88,279,488,81,457,208,221,512,71
1965,131,169,139,155,229,242,168,161,172,150
1966,254,517,59,184,64,169,100,263,502,99
1968,463,396,395,53,359,639,211,633,450,653
1969,184,233,145,330,124,141,166,113,235,99
1971,69,45,194,397,395,442,354,47,575,579
1972,104,365,108,311,505,317,313,99,363,47
1973,48,138,270,229,645,233,173,165,136,27
1974,71,61,47,463,100,87,50,599,633,93
1975,506,313,318,84,99,366,303,363,339,604
1976,295,602,300,99,47,450,362,342,653,579
1977,696,593,92,206,504,279,59,53,202,11
1978,430,362,446,311,633,99,389,408,53,433
1979,254,275,139,173,142,233,155,161,331,174
1980,100,140,279,488,85,37,47,593,201,93
1981,502,279,202,263,196,85,28,101,47,37
1982,20,495,504,11,9,100,50,279,47,94
1983,229,169,139,421,138,37,173,134,165,239
1984,381,258,431,484,539,78,342,437,395,380
1986,633,580,441,574,362,639,563,430,78,359
1987,216,64,17,408,263,47,68,9,101,99
1988,139,475,174,135,161,254,117,275,226,172
1989,128,612,49,28,132,21,99,300,127,13
1990,124,111,14,21,184,274,292,704,113,239
1991,71,84,399,518,108,47,300,216,524,36
1992,300,71,753,505,203,201,628,215,97,315
1993,339,589,333,23,593,505,101,13,293,47
1994,98,273,97,457,100,21,511,201,47,279
1995,64,279,185,142,463,47,102,99,282,140
1996,663,618,704,123,113,129,693,314,421,145
1997,561,279,402,357,579,406,47,633,71,201
1998,418,286,345,348,97,37,100,184,581,488
1999,509,279,246,244,343,101,640,184,71,221
2000,145,131,163,233,140,229,173,154,37,142
2001,428,93,599,575,580,184,61,576,392,427
2003,16,216,273,221,59,685,97,17,266,108
2004,145,254,142,133,331,327,23,233,185,326
2005,506,555,364,218,211,363,99,264,11,196
2006,47,366,719,14,505,555,104,313,506,196
2007,563,427,354,576,450,98,342,211,599,93
2008,311,71,599,100,563,333,47,343,279,488
2009,202,279,59,97,81,345,205,101,505,208
2010,557,593,502,488,102,92,350,690,205,333
2011,153,21,81,254,99,517,71,47,488,201
2013,206,100,214,216,202,345,557,589,593,637
2014,29,349,473,498,450,42,99,742,474,521
2015,576,383,429,446,639,445,441,579,575,395
2016,366,20,28,36,403,196,696,59,21,303
2017,511,88,37,502,101,59,47,99,85,71
2018,135,145,331,226,173,130,621,327,422,117
2019,179,140,326,279,263,184,99,37,71,101
2020,138,142,690,47,132,99,14,201,418,23
2021,239,340,154,133,155,272,152,173,23,51
2022,132,172,239,128,142,231,130,338,185,171
2023,239,131,233,377,275,617,620,338,142,373
2024,582,345,17,85,93,488,86,201,216,98
2025,74,467,492,665,300,469,6,411,468,43
2027,340,131,139,326,23,338,37,117,331,135
2028,59,85,590,81,11,313,593,107,36,196
2029,502,100,21,59,97,345,85,101,71,279
2030,604,315,16,101,28,364,76,317,26,11
2031,139,131,254,156,134,338,142,141,145,172
2032,85,680,138,593,92,103,71,502,100,312
2033,149,172,593,278,272,338,476,131,327,326
2034,86,345,21,815,79,98,511,634,589,632
2035,561,99,653,295,294,563,450,300,408,53
2036,362,608,196,316,47,104,402,90,93,53
2037,37,166,421,131,229,326,270,165,173,164
2038,117,478,131,331,49,139,377,239,23,160
2039,279,101,94,196,26,97,85,202,93,502
2040,275,128,132,338,161,169,145,117,23,155
2041,140,483,533,101,8,253,283,194,241,658
2042,101,93,259,427,71,99,658,194,463,563
2043,534,369,479,542,254,332,283,483,286,584
2044,99,201,81,651,89,680,735,97,300,695
2045,71,599,279,488,47,99,88,206,101,634
2046,245,239,28,461,571,244,264,247,342,185
2047,216,218,17,16,99,50,14,32,47,59
2048,362,176,23,9,301,50,172,28,99,129
2051,71,303,81,53,196,32,85,28,16,17
2052,23,468,427,42,470,9,601,263,472,623
2053,429,129,342,449,383,78,428,355,524,267
2054,152,173,23,154,231,131,609,145,377,157
2055,206,17,99,567,6,473,23,104,59,46
2056,509,131,117,233,132,169,128,37,121,427
2057,340,129,47,102,184,191,254,87,71,21
2058,233,338,131,229,135,134,165,117,645,138
2059,13,616,117,172,331,138,164,139,134,149
2060,45,69,396,576,258,395,445,564,579,599
2061,233,156,132,149,134,172,155,136,338,169
2062,593,263,59,37,128,279,47,581,85,102
2064,562,87,140,332,282,99,534,241,327,59
2065,139,145,135,13,254,131,163,618,132,142
2066,434,427,658,579,484,87,461,5,258,342
2067,369,378,538,367,540,643,92,384,256,535
2068,434,134,169,132,128,145,229,135,233,23
2069,246,251,184,254,102,140,169,100,37,539
2070,279,484,562,534,241,191,253,343,21,87
2071,229,128,145,173,133,139,270,152,13,242
2072,135,338,620,422,139,331,13,225,132,142
2075,500,468,473,472,467,101,691,39,410,474
2076,128,324,229,117,284,172,145,326,270,13
2077,263,759,580,99,633,295,396,362,395,575
2078,463,47,201,100,78,99,484,343,427,102
2079,157,231,328,161,145,155,132,275,139,131
2080,74,23,6,68,470,497,469,47,50,9
2081,47,279,631,680,76,201,21,632,85,93
2083,53,263,343,599,9,71,216,93,279,74
2084,511,605,211,195,406,593,457,206,92,589
2086,589,502,206,488,100,279,201,216,85,71
2087,49,154,478,149,164,161,275,133,174,231
2088,235,158,134,272,129,145,142,141,23,132
2090,1,28,300,47,206,99,407,59,553,509
2091,650,292,239,497,102,214,108,664,47,12
2092,312,502,100,71,21,53,101,88,279,94
2093,90,279,343,99,53,575,428,402,105,563
2094,134,128,160,482,328,145,184,161,376,254
2095,47,196,99,53,21,599,185,366,108,76
2096,300,50,21,101,28,201,400,100,205,263
2097,628,501,71,93,300,214,211,21,99,36
2099,505,496,108,196,555,719,47,313,604,264
2100,484,343,638,575,565,427,396,719,524,69
